HWM_ID,lat,lon,Description,elev_m,vdatum,elev_msl_m
353-ITX-02-027,29.303,-95.2668,Coastal - Stillwater Only,2.01168,NAVD88,2.2146447976
353-ITX-02-028,29.2479,-95.2363,Coastal - Stillwater Only,2.10312,NAVD88,2.2989315399
353-ITX-02-029,29.1966,-95.2989,Coastal - Stillwater Only,2.68224,NAVD88,2.8742741551
353-ITX-02-030,29.1127,-95.3745,Coastal - Stillwater Only,1.55448,NAVD88,1.7379561053
353-ITX-02-031,28.949,-95.5553,Coastal - Stillwater Only,1.61544,NAVD88,1.8125977555
353-ITX-02-032,28.8778,-95.4558,Coastal - Stillwater Only,1.6764,NAVD88,1.8741318376
353-ITX-02-033,28.8981,-95.3807,Coastal - Stillwater Only,2.19456,NAVD88,2.3638015178
353-ITX-02-034,28.9506,-95.3384,Coastal - Stillwater Only,2.01168,NAVD88,2.1714633335
353-ITX-02-035,28.9395,-95.2972,Coastal - Stillwater Only,2.22504,NAVD88,2.3804995083
353-ITX-02-036,28.9429,-95.2999,Coastal - Stillwater Only,2.34696,NAVD88,2.5024098821
353-ITX-02-037,28.9538,-95.282,Coastal - Stillwater Only,3.26136,NAVD88,3.4169139668
353-ITX-02-038,28.962,-95.2908,Coastal - Stillwater Only,2.34696,NAVD88,2.5059552856
353-ITX-04-011,28.9301,-95.313,Coastal - Stillwater Only,2.52984,NAVD88,2.6849746183
353-ITX-04-012,28.9301,-95.3128,Coastal - Wave Height,2.65176,NAVD88,2.8068946183
353-ITX-04-013,28.9354,-95.3038,Coastal - Stillwater Only,2.37744,NAVD88,2.5327734445
353-ITX-04-014,28.9484,-95.2924,Coastal - Stillwater Only,2.4384,NAVD88,2.5938080844
353-ITX-04-015,28.9626,-95.2734,Coastal - Stillwater Only,2.80416,NAVD88,2.9625148933
353-ITX-04-016,29.0136,-95.3308,Coastal - Stillwater Only,2.04216,NAVD88,2.2080116526
353-ITX-04-017,29.0955,-95.2839,Coastal - Stillwater Only,1.92024,NAVD88,2.1000236423
353-ITX-04-018,29.2098,-95.2105,Coastal - Stillwater Only,1.95072,NAVD88,2.1419704584
353-ITX-04-019,29.2845,-95.1294,Coastal - Stillwater Only,2.86512,NAVD88,3.0607937787
353-ITX-03-001,29.8755,-94.8295,Coastal - Stillwater Only,4.51104,NAVD88,4.7360955605
353-ITX-03-002,29.8476,-94.8044,Coastal - Wave Runup,3.93192,NAVD88,4.1512242338
353-ITX-03-003,29.6793,-94.9254,Coastal - Wave Height,3.81,NAVD88,4.0130865848
353-ITX-03-004,29.6599,-94.9165,Coastal - Wave Height,3.93192,NAVD88,4.1341792872
353-ITX-03-005,29.6945,-94.8654,Coastal - Wave Runup,5.24256,NAVD88,5.4454004772
353-ITX-03-006,29.7486,-94.8252,Coastal - Wave Height,4.69392,NAVD88,4.8988982723
353-ITX-03-007,29.8379,-94.7588,Coastal - Wave Runup,4.20624,NAVD88,4.4220539646
353-ITX-03-008,29.7729,-94.6856,Coastal - Wave Runup,4.78536,NAVD88,4.9918337529
353-ITX-03-009,29.6584,-94.6895,Coastal - Stillwater Only,4.1148,NAVD88,4.3136904327
353-ITX-03-010,29.7282,-94.6902,Coastal - Stillwater Only,5.05968,NAVD88,5.2650131435
353-ITX-03-011,29.6816,-94.6412,Coastal - Stillwater Only,3.53568,NAVD88,3.7385919581
353-ITX-03-012,29.6635,-94.6241,Coastal - Stillwater Only,4.69392,NAVD88,4.8958846764
353-ITX-03-013,29.538,-94.7614,Coastal - Stillwater Only,3.2004,NAVD88,3.385658016
353-ITX-03-014,29.526,-94.7581,Coastal - Wave Height,3.77952,NAVD88,3.9629382888
353-ITX-03-015,29.632,-94.7023,Coastal - Stillwater Only,4.66344,NAVD88,4.8593818505
353-ITX-03-016,29.6135,-94.5332,Coastal - Stillwater Only,4.4196,NAVD88,4.621126925
353-ITX-03-019,29.7149,-94.3755,Coastal - Stillwater Only,5.15112,NAVD88,5.3847142388
353-ITX-03-020,29.704,-94.4837,Coastal - Stillwater Only,5.334,NAVD88,5.5533480283
353-ITX-02-001,29.0957,-95.1097,Coastal - Stillwater Only,3.13944,NAVD88,3.3339445143
353-ITX-02-002,29.1299,-95.0585,Coastal - Stillwater Only,2.40792,NAVD88,2.5860372901
353-ITX-02-003,29.1476,-95.03,Coastal - Wave Runup,3.13944,NAVD88,3.3127304613
353-ITX-02-004,29.1894,-94.9777,Coastal - Stillwater Only,3.29184,NAVD88,3.4789087902
353-ITX-02-005,29.2445,-94.8743,Coastal - Stillwater Only,3.2004,NAVD88,3.3540222994
353-ITX-02-006,29.4726,-94.5955,Coastal - Wave Height,4.32816,NAVD88,4.4862308325
353-ITX-02-007,29.4615,-94.6302,Coastal - Wave Runup,4.81584,NAVD88,4.9823397488
353-ITX-02-008,29.4273,-94.6911,Coastal - Wave Height,4.51104,NAVD88,4.6652538457
353-ITX-02-009,29.3651,-94.7758,Coastal - Wave Height,3.23088,NAVD88,3.3524173948
353-ITX-02-010,29.3243,-94.7414,Coastal - Wave Height,4.75488,NAVD88,4.905739341
353-ITX-02-011,29.3073,-94.7941,Coastal - Stillwater Only,3.6576,NAVD88,3.8609392787
353-ITX-02-012,29.337,-94.7774,Coastal - Wave Height,4.02336,NAVD88,4.1854584674
353-ITX-02-013,29.2755,-94.8504,Coastal - Wave Runup,3.77952,NAVD88,3.9661770264
353-ITX-02-014,29.2952,-94.9168,Coastal - Stillwater Only,3.62712,NAVD88,3.8137567608
353-ITX-02-015,29.3003,-94.9152,Coastal - Stillwater Only,3.59664,NAVD88,3.783102447
353-ITX-02-016,29.3614,-94.9207,Coastal - Wave Runup,3.90144,NAVD88,4.0887540633
353-ITX-02-017,29.3911,-94.8873,Coastal - Wave Runup,4.7244,NAVD88,4.9071249527
353-ITX-02-019,29.4578,-95.021,Coastal - Stillwater Only,3.47472,NAVD88,3.6769121873
353-ITX-02-020,29.4572,-95.0475,Coastal - Stillwater Only,3.16992,NAVD88,3.3732071544
353-ITX-02-021,29.4365,-95.0922,Coastal - Stillwater Only,3.32232,NAVD88,3.5275503702
353-ITX-02-022,29.381,-95.0891,Coastal - Stillwater Only,4.08432,NAVD88,4.2853950026
353-ITX-02-023,29.3422,-95.0368,Coastal - Stillwater Only,3.13944,NAVD88,3.3345817178
353-ITX-02-024,29.3043,-94.9876,Coastal - Stillwater Only,3.71856,NAVD88,3.9079639512
353-ITX-02-025,29.3348,-94.9779,Coastal - Stillwater Only,3.32232,NAVD88,3.5130652047
353-ITX-03-017,29.5697,-94.3962,Coastal - Wave Runup,4.69392,NAVD88,4.8796223984
353-ITX-03-018,29.5574,-94.3916,Coastal - Wave Runup,5.91312,NAVD88,6.0787619933
353-ITX-04-001,29.0912,-95.1115,Coastal - Wave Runup,2.95656,NAVD88,3.1528521917
353-ITX-04-002,29.0931,-95.1107,Coastal - Wave Runup,3.26136,NAVD88,3.4568047776
353-ITX-04-003,29.1326,-95.0602,Coastal - Wave Height,3.26136,NAVD88,3.4477497145
353-ITX-04-004,29.1315,-95.0588,Coastal - Stillwater Only,2.86512,NAVD88,3.0515097145
353-ITX-04-005,29.1497,-95.0303,Coastal - Wave Runup,3.10896,NAVD88,3.292812151
353-ITX-04-006,29.1494,-95.0279,Coastal - Wave Runup,3.10896,NAVD88,3.2814156983
353-ITX-04-007,29.1737,-94.9977,Coastal - Wave Height,4.29768,NAVD88,4.4847844338
353-ITX-04-008,29.1866,-94.9655,Coastal - Stillwater Only,3.26136,NAVD88,3.4197144165
353-ITX-04-009,29.2365,-94.883,Coastal - Wave Height,3.99288,NAVD88,4.1461483074
353-ITX-04-010,29.3273,-94.772,Coastal - Wave Height,3.3528,NAVD88,3.524722341
353-ITX-04-020,29.3355,-95.0224,Coastal - Stillwater Only,3.16992,NAVD88,3.3638080086
353-ITX-04-021,29.3371,-95.0244,Coastal - Stillwater Only,3.23088,NAVD88,3.4247680086
353-ITX-04-028,29.5356,-95.0115,Coastal - Wave Height,5.09016,NAVD88,5.2938703921
353-ITX-04-029,29.5356,-95.0115,Coastal - Stillwater Only,4.69392,NAVD88,4.8976303921
353-ITX-04-030,29.5117,-94.9788,Coastal - Stillwater Only,4.63296,NAVD88,4.8362346077
353-ITX-04-031,29.5007,-94.9347,Coastal - Stillwater Only,3.77952,NAVD88,3.983172069
353-ITX-04-032,29.4644,-94.9743,Coastal - Wave Runup,3.71856,NAVD88,3.920196523
353-ITX-04-022,29.6155,-94.998,Coastal - Stillwater Only,3.90144,NAVD88,4.1052052582
353-ITX-04-023,29.6195,-95.0071,Coastal - Wave Height,3.81,NAVD88,4.0142258978
353-ITX-04-024,29.5652,-95.017,Coastal - Stillwater Only,3.93192,NAVD88,4.1359155556
353-ITX-04-025,29.5649,-95.069,Coastal - Wave Height,3.23088,NAVD88,3.4359362799
353-ITX-04-026,29.5386,-95.0851,Coastal - Stillwater Only,3.32232,NAVD88,3.5273786194
353-ITX-01-001,29.8666,-93.9343,Coastal - Wave Runup,3.71856,NAVD88,3.9785193401
353-ITX-01-002,29.9195,-93.8895,Coastal - Wave Runup,3.62712,NAVD88,3.9206492423
353-ITX-01-003,29.8654,-93.9314,Coastal - Wave Runup,3.47472,NAVD88,3.7351638066
353-ITX-01-004,29.8652,-93.9273,Coastal - Wave Runup,3.56616,NAVD88,3.8262599177
353-ITX-01-005,29.9486,-93.8769,Coastal - Wave Runup,3.56616,NAVD88,3.8687698013
353-ITX-01-006,29.972,-93.8633,Coastal - Stillwater Only,3.59664,NAVD88,3.9046707245
353-ITX-01-007,29.9721,-93.8633,Coastal - Wave Height,3.71856,NAVD88,4.0265907245
353-ITX-01-016,30.0963,-94.0933,Coastal - Stillwater Only,3.38328,NAVD88,3.7071325093
353-ITX-01-017,30.083,-94.0943,Coastal - Wave Runup,3.41376,NAVD88,3.7355901833
353-ITX-01-019,29.9964,-93.9498,Coastal - Stillwater Only,3.59664,NAVD88,3.9002315196
353-ITX-01-020,29.9689,-93.9134,Coastal - Stillwater Only,3.5052,NAVD88,3.8079563095
353-ITX-03-021,29.8785,-94.1604,Coastal - Stillwater Only,2.86512,NAVD88,3.1438501242
353-ITX-03-022,29.8494,-94.135,Coastal - Stillwater Only,3.44424,NAVD88,3.7247959635
353-ITX-03-023,29.7309,-93.8971,Coastal - Stillwater Only,3.9624,NAVD88,4.3134813415
353-ITX-03-024,29.8872,-94.0432,Coastal - Wave Runup,3.56616,NAVD88,3.8554342753
353-ITX-03-025,29.7945,-94.2279,Coastal - Stillwater Only,4.14528,NAVD88,4.4090767169
353-ITX-03-026,29.9434,-94.1302,Coastal - Stillwater Only,2.80416,NAVD88,3.091574968
353-ITX-03-027,29.9965,-94.1065,Coastal - Stillwater Only,2.92608,NAVD88,3.2233033891
353-ITX-03-028,30.0818,-94.0932,Coastal - Stillwater Only,3.53568,NAVD88,3.8575101833
353-ITX-03-029,30.0279,-94.1491,Coastal - Stillwater Only,2.68224,NAVD88,2.976715764
353-ITX-03-030,29.8694,-93.9325,Coastal - Wave Runup,3.90144,NAVD88,4.1599376554
353-ITX-03-031,29.8224,-93.9637,Coastal - Wave Height,3.56616,NAVD88,3.8564702636
353-ITX-01-008,30.0181,-93.8486,Coastal - Stillwater Only,3.10896,NAVD88,3.4151831839
353-ITX-01-009,30.0154,-93.837,Coastal - Stillwater Only,3.99288,NAVD88,4.2988653911
353-ITX-01-010,30.0915,-93.7268,Coastal - Stillwater Only,2.65176,NAVD88,2.9489095688
353-ITX-01-011,30.0773,-93.7448,Coastal - Stillwater Only,2.92608,NAVD88,3.2239420231
353-ITX-01-012,30.0741,-93.7236,Coastal - Stillwater Only,2.83464,NAVD88,3.1318914033
353-ITX-01-013,30.0748,-93.8493,Coastal - Stillwater Only,3.59664,NAVD88,3.9007675144
353-ITX-01-014,30.0507,-93.9184,Coastal - Stillwater Only,3.93192,NAVD88,4.2352754554
353-ITX-01-015,30.0972,-94.0671,Coastal - Stillwater Only,3.29184,NAVD88,3.6124497782
353-ITX-01-018,30.0535,-93.9735,Coastal - Stillwater Only,3.87096,NAVD88,4.1768223672
353-ITX-01-021,30.227,-93.7379,Coastal - Stillwater Only,3.01752,NAVD88,3.2718213096
353-ITX-01-022,30.1564,-93.7077,Coastal - Stillwater Only,2.34696,NAVD88,2.6117574491
353-ITX-01-023,30.1774,-93.7074,Coastal - Stillwater Only,2.52984,NAVD88,2.7897283808
353-ITX-01-024,30.0475,-93.7716,Coastal - Stillwater Only,3.29184,NAVD88,3.5926949213
353-ITX-01-025,30.066,-93.7456,Coastal - Stillwater Only,2.86512,NAVD88,3.1644442443
353-ITX-01-026,30.0452,-93.8139,Coastal - Stillwater Only,3.26136,NAVD88,3.5661952003
353-ITX-01-027,30.0957,-94.0893,Coastal - Stillwater Only,3.32232,NAVD88,3.6462315775
353-ITX-01-028,30.0964,-94.0573,Coastal - Stillwater Only,3.56616,NAVD88,3.8851953811
401-ILA-02-009,30.0817,-92.5062,Coastal - Stillwater Only,1.15824,NAVD88,1.3005828059
401-ILA-02-011,30.1898,-92.5898,Coastal - Stillwater Only,1.0668,NAVD88,1.2093384283
401-ILA-01-006,30.1906,-90.7862,Coastal - Stillwater Only,1.24968,NAVD88,1.5039859886
401-ILA-01-012,30.1735,-90.788,Coastal - Stillwater Only,1.15824,NAVD88,1.4125419056
401-ILA-03-005,30.0006,-91.1932,Coastal - Stillwater Only,1.24968,NAVD88,1.6008695239
401-ILA-03-006,29.957,-91.202,Coastal - Stillwater Only,0.94488,NAVD88,1.3143913957
401-ILA-03-007,29.9008,-91.1861,Coastal - Stillwater Only,0.88392,NAVD88,1.2701623599
401-ILA-03-008,29.8664,-91.1081,Coastal - Stillwater Only,0.88392,NAVD88,1.2477470795
401-ILA-03-012,29.9366,-91.2213,Coastal - Stillwater Only,0.94488,NAVD88,1.3282309982
401-ILA-05-005,30.1032,-93.3361,Coastal - Stillwater Only,2.65176,NAVD88,2.7851648063
401-ILA-05-006,30.114,-93.3417,Coastal - Stillwater Only,2.80416,NAVD88,2.9363151204
401-ILA-05-007,30.0659,-93.3484,Coastal - Stillwater Only,1.70688,NAVD88,1.8442214248
401-ILA-05-013,30.191,-93.268,Coastal - Stillwater Only,1.6764,NAVD88,1.7855629714
401-ILA-05-014,30.1689,-93.2985,Coastal - Stillwater Only,2.80416,NAVD88,2.9215203013
401-ILA-05-015,30.1043,-93.3063,Coastal - Stillwater Only,2.83464,NAVD88,2.9612198956
401-ILA-05-022,30.1296,-92.9077,Coastal - Stillwater Only,1.3716,NAVD88,1.4951372275
401-ILA-05-027,30.2366,-93.23,Coastal - Stillwater Only,2.92608,NAVD88,3.0245211389
401-ILA-05-028,30.2193,-93.2233,Coastal - Stillwater Only,2.56032,NAVD88,2.6563448485
401-ILA-05-029,30.211,-93.2356,Coastal - Stillwater Only,2.83464,NAVD88,2.935239274
401-ILA-05-030,30.2036,-93.2393,Coastal - Stillwater Only,2.80416,NAVD88,2.9059568953
401-ILA-05-008,30.0049,-93.3433,Coastal - Stillwater Only,2.71272,NAVD88,2.8471527778
401-ILA-05-009,29.9907,-93.4092,Coastal - Stillwater Only,2.71272,NAVD88,2.8629300229
401-ILA-05-010,29.8904,-93.402,Coastal - Stillwater Only,2.95656,NAVD88,3.0880001776
401-ILA-05-012,29.7718,-93.456,Coastal - Wave Height,3.84048,NAVD88,3.9690426888
401-ILA-05-016,30.0108,-93.2274,Coastal - Stillwater Only,2.25552,NAVD88,2.3803348233
401-ILA-05-018,29.9382,-93.0797,Coastal - Stillwater Only,1.15824,NAVD88,1.2797996199
401-ILA-05-019,29.8943,-93.0796,Coastal - Stillwater Only,1.85928,NAVD88,1.9808464744
401-ILA-05-020,29.8154,-93.1143,Coastal - Stillwater Only,2.65176,NAVD88,2.7735346437
401-ILA-05-026,29.7648,-93.881,Coastal - Stillwater Only,3.56616,NAVD88,3.9189289874
401-ILA-05-031,30.0093,-93.182,Coastal - Stillwater Only,2.1336,NAVD88,2.2560927008
401-ILA-05-032,29.9886,-93.2663,Coastal - Stillwater Only,2.92608,NAVD88,3.0540990498
401-ILA-05-033,29.8085,-93.1655,Coastal - Stillwater Only,2.7432,NAVD88,2.8659504462
401-ILA-05-034,29.7871,-93.1314,Coastal - Wave Height,3.41376,NAVD88,3.5352846692
401-ILA-05-038,29.744,-92.8778,Coastal - Stillwater Only,2.4384,NAVD88,2.5547854226
401-ILA-05-040,30.0318,-92.7513,Coastal - Stillwater Only,1.00584,NAVD88,1.1346844698
401-ILA-05-041,30.0377,-92.6718,Coastal - Stillwater Only,0.9144,NAVD88,1.0467657334
401-ILA-05-042,30.0224,-92.7688,Coastal - Stillwater Only,0.97536,NAVD88,1.1032330482
401-ILA-05-043,30.0321,-92.7926,Coastal - Stillwater Only,0.70104,NAVD88,0.8280986699
401-ILA-05-044,29.9837,-93.375,Coastal - Stillwater Only,2.86512,NAVD88,3.0059264663
401-ILA-05-045,29.9839,-93.4275,Coastal - Stillwater Only,2.65176,NAVD88,2.8064177066
401-ILA-02-002,30.0617,-91.6086,Coastal - Stillwater Only,1.43256,NAVD88,1.6993579002
401-ILA-02-025,30.0581,-91.6078,Coastal - Stillwater Only,1.58496,NAVD88,1.8536675436
401-ILA-02-026,29.9519,-91.9849,Coastal - Stillwater Only,2.49936,NAVD88,2.6642197866
401-ILA-02-027,29.9675,-91.9781,Coastal - Stillwater Only,1.95072,NAVD88,2.1181913641
401-ILA-02-028,29.9472,-91.984,Coastal - Stillwater Only,2.49936,NAVD88,2.6633210231
401-ILA-02-029,29.949,-91.9886,Coastal - Stillwater Only,2.5908,NAVD88,2.7546339758
401-ILA-02-030,29.9146,-91.9045,Coastal - Stillwater Only,2.56032,NAVD88,2.7257905256
401-ILA-02-032,29.9345,-91.8635,Coastal - Stillwater Only,2.19456,NAVD88,2.370214456
401-ILA-02-034,29.9497,-91.8359,Coastal - Stillwater Only,2.5908,NAVD88,2.77445933
401-ILA-02-035,29.9382,-91.8338,Coastal - Stillwater Only,2.46888,NAVD88,2.6501871072
401-ILA-02-038,29.8265,-91.8081,Coastal - Stillwater Only,2.71272,NAVD88,2.8667556129
401-ILA-02-039,29.9145,-91.6622,Coastal - Stillwater Only,1.55448,NAVD88,1.7848173516
401-ILA-02-040,29.9789,-91.7539,Coastal - Stillwater Only,1.61544,NAVD88,1.8247724214
401-ILA-02-041,30.0111,-91.7433,Coastal - Stillwater Only,1.6764,NAVD88,1.8946467729
401-ILA-02-042,30.0192,-91.6808,Coastal - Stillwater Only,1.3716,NAVD88,1.611521242
401-ILA-02-043,30.0569,-91.74,Riverine - Hurricane,2.16408,NAVD88,2.3870769054
401-ILA-02-044,30.006,-91.817,Coastal - Stillwater Only,1.61544,NAVD88,1.8138647714
401-ILA-02-045,30.0161,-91.7739,Coastal - Stillwater Only,1.524,NAVD88,1.7337247243
401-ILA-01-007,30.2193,-91.3177,Coastal - Stillwater Only,1.79832,NAVD88,2.0941186295
401-ILA-01-018,30.1348,-91.0932,Coastal - Stillwater Only,0.97536,NAVD88,1.2761056064
401-ILA-01-019,30.1034,-91.1984,Coastal - Stillwater Only,1.31064,NAVD88,1.6320432948
401-ILA-01-020,30.3214,-91.0209,Coastal - Stillwater Only,2.98704,NAVD88,3.2576035726
401-ILA-01-021,30.1264,-91.2761,Coastal - Stillwater Only,1.00584,NAVD88,1.3256459797
401-ILA-01-022,30.1502,-91.3278,Coastal - Stillwater Only,1.55448,NAVD88,1.8675901131
401-ILA-04-020,29.6533,-90.1063,Coastal - Stillwater Only,1.58496,NAVD88,1.7377375079
401-ILA-04-022,29.8851,-90.1623,Coastal - Stillwater Only,1.43256,NAVD88,1.5595083417
401-ILA-04-023,30.042,-90.2354,Coastal - Stillwater Only,1.46304,NAVD88,1.5627236126
401-ILA-04-025,30.0214,-90.1432,Coastal - Stillwater Only,1.61544,NAVD88,1.692960214
401-ILA-06-001,29.2377,-89.9923,Coastal - Stillwater Only,1.49352,NAVD88,1.5693473974
401-ILA-06-002,29.2626,-89.9621,Coastal - Stillwater Only,1.49352,NAVD88,1.5532072084
401-ILA-06-004,29.2256,-90.007,Coastal - Stillwater Only,1.43256,NAVD88,1.5145366223
401-ILA-06-005,29.2165,-90.0254,Coastal - Stillwater Only,1.55448,NAVD88,1.6403843226
401-ILA-06-006,29.2037,-90.0398,Coastal - Wave Height,1.85928,NAVD88,1.9479867541
401-ILA-02-010,30.0727,-92.6594,Coastal - Stillwater Only,1.00584,NAVD88,1.1402807201
401-ILA-05-001,30.0733,-92.6607,Coastal - Stillwater Only,1.2192,NAVD88,1.3532226978
401-ILA-05-002,30.0752,-92.6771,Coastal - Stillwater Only,1.15824,NAVD88,1.2918318307
401-ILA-05-003,30.057,-92.7194,Coastal - Stillwater Only,1.00584,NAVD88,1.1368144418
401-ILA-05-004,30.0694,-92.8842,Coastal - Stillwater Only,1.09728,NAVD88,1.2215557887
401-ILA-05-023,30.1376,-92.8864,Coastal - Stillwater Only,1.0668,NAVD88,1.1916388663
401-ILA-02-004,30.2192,-91.9559,Coastal - Stillwater Only,2.4384,NAVD88,2.6319157478
401-ILA-06-008,29.1555,-90.1834,Coastal - Stillwater Only,2.31648,NAVD88,2.3982693893
401-ILA-06-009,29.1254,-90.1969,Coastal - Stillwater Only,2.52984,NAVD88,2.6160269603
401-ILA-06-010,29.1577,-90.1791,Coastal - Stillwater Only,2.4384,NAVD88,2.5210804414
401-ILA-06-011,29.2112,-90.2198,Coastal - Stillwater Only,2.1336,NAVD88,2.1948526983
401-ILA-06-013,29.2359,-90.2104,Coastal - Stillwater Only,2.04216,NAVD88,2.1081342877
401-ILA-06-014,29.2567,-90.2139,Coastal - Stillwater Only,1.76784,NAVD88,1.8374547457
401-ILA-06-016,29.3416,-90.2469,Coastal - Wave Height,1.88976,NAVD88,1.9730357354
401-ILA-06-017,29.5892,-90.3702,Coastal - Stillwater Only,1.34112,NAVD88,1.471149574
401-ILA-06-018,29.5827,-90.3748,Coastal - Stillwater Only,1.34112,NAVD88,1.4698773427
401-ILA-06-019,29.5574,-90.389,Coastal - Stillwater Only,1.31064,NAVD88,1.4353475275
401-ILA-06-020,29.5527,-90.5346,Coastal - Stillwater Only,1.18872,NAVD88,1.3220377239
401-ILA-01-004,30.3268,-90.8233,Riverine - Hurricane,2.19456,NAVD88,2.4498942879
401-ILA-01-005,30.2749,-90.7788,Coastal - Stillwater Only,1.34112,NAVD88,1.5946961297
401-ILA-07-024,30.4335,-90.5472,Coastal - Stillwater Only,1.00584,NAVD88,1.2378510649
401-ILA-07-026,30.3766,-90.5372,Coastal - Stillwater Only,1.2192,NAVD88,1.4594219772
401-ILA-07-028,30.2618,-90.7128,Coastal - Stillwater Only,1.40208,NAVD88,1.6520766472
401-ILA-07-029,30.2838,-90.7085,Coastal - Stillwater Only,1.2192,NAVD88,1.4688570349
401-ILA-07-030,30.2732,-90.7105,Coastal - Stillwater Only,1.3716,NAVD88,1.6214024106
401-ILA-07-031,30.2668,-90.7289,Coastal - Stillwater Only,1.34112,NAVD88,1.5918327821
401-ILA-07-032,30.2754,-90.7387,Coastal - Stillwater Only,1.34112,NAVD88,1.5921568228
401-ILA-07-033,30.261,-90.7637,Coastal - Stillwater Only,1.12776,NAVD88,1.3804135392
401-ILA-07-034,30.2639,-90.6419,Coastal - Stillwater Only,1.3716,NAVD88,1.6206518838
401-ILA-04-001,29.6355,-89.9527,Coastal - Stillwater Only,1.12776,NAVD88,1.2856620917
401-ILA-04-002,29.354,-89.5359,Coastal - Wave Height,2.286,NAVD88,2.4816490874
401-ILA-04-003,29.2212,-89.3943,Coastal - Wave Height,1.95072,NAVD88,2.1703665284
401-ILA-04-004,29.699,-89.9913,Coastal - Stillwater Only,1.24968,NAVD88,1.4083989585
401-ILA-04-005,29.6481,-89.9629,Coastal - Stillwater Only,1.09728,NAVD88,1.2554427727
401-ILA-04-006,29.6023,-89.8784,Coastal - Stillwater Only,1.31064,NAVD88,1.4782274889
401-ILA-04-008,29.4169,-89.6167,Coastal - Stillwater Only,1.88976,NAVD88,2.0767615264
401-ILA-04-010,29.5861,-89.7972,Coastal - Stillwater Only,3.32232,NAVD88,3.5072524852
401-ILA-04-011,29.6359,-89.9056,Coastal - Stillwater Only,2.46888,NAVD88,2.6372881554
401-ILA-04-012,29.7426,-89.9872,Coastal - Stillwater Only,2.56032,NAVD88,2.7209579151
401-ILA-04-013,29.6484,-89.9357,Coastal - Stillwater Only,2.49936,NAVD88,2.6631487508
401-ILA-04-014,29.8603,-89.9073,Coastal - Stillwater Only,2.7432,NAVD88,2.9144872535
401-ILA-04-019,29.8363,-90.0456,Coastal - Stillwater Only,1.58496,NAVD88,1.7314808977
401-ILA-04-016,29.8199,-89.6112,Coastal - Stillwater Only,2.86512,NAVD88,3.0588722292
401-ILA-04-017,29.8408,-89.7561,Coastal - Stillwater Only,2.68224,NAVD88,2.8763944563
401-ILA-06-021,29.7891,-90.4204,Coastal - Stillwater Only,1.03632,NAVD88,1.1868747315
401-ILA-06-022,29.7824,-90.4048,Coastal - Stillwater Only,1.0668,NAVD88,1.2150440084
401-ILA-06-024,29.8737,-90.4489,Coastal - Stillwater Only,0.82296,NAVD88,0.9799573528
401-ILA-06-025,29.8625,-90.4545,Coastal - Stillwater Only,0.82296,NAVD88,0.9806250739
401-ILA-01-001,30.1018,-90.7349,Coastal - Stillwater Only,1.12776,NAVD88,1.3720085094
401-ILA-01-002,30.0691,-90.7499,Coastal - Stillwater Only,1.00584,NAVD88,1.2497795636
401-ILA-01-013,30.0566,-90.7116,Coastal - Stillwater Only,1.03632,NAVD88,1.2725586584
401-ILA-01-014,30.0561,-90.711,Coastal - Stillwater Only,1.00584,NAVD88,1.2420786584
401-ILA-01-015,29.9224,-90.672,Coastal - Stillwater Only,0.762,NAVD88,0.9754388536
401-ILA-01-016,29.9539,-90.692,Coastal - Stillwater Only,0.73152,NAVD88,0.952982056
401-ILA-01-017,29.9114,-90.7288,Coastal - Stillwater Only,0.67056,NAVD88,0.8970591999
401-ILA-01-008,29.9199,-90.6221,Coastal - Stillwater Only,0.79248,NAVD88,0.993050181
401-ILA-06-026,30.0936,-90.4379,Coastal - Stillwater Only,1.40208,NAVD88,1.5395544177
401-ILA-06-027,30.0884,-90.442,Coastal - Stillwater Only,1.49352,NAVD88,1.6349255824
401-ILA-06-028,30.0859,-90.4469,Coastal - Stillwater Only,1.43256,NAVD88,1.5796048226
401-ILA-06-029,30.091,-90.4597,Coastal - Stillwater Only,1.43256,NAVD88,1.5899279
401-ILA-06-030,30.094,-90.4692,Coastal - Stillwater Only,1.46304,NAVD88,1.6265825389
401-ILA-06-031,30.1062,-90.4983,Coastal - Stillwater Only,1.43256,NAVD88,1.6210518064
401-ILA-06-033,30.1899,-90.4385,Coastal - Stillwater Only,1.09728,NAVD88,1.287053038
401-ILA-06-034,30.1067,-90.4229,Coastal - Wave Height,2.22504,NAVD88,2.347046841
401-ILA-06-035,30.0958,-90.437,Coastal - Stillwater Only,1.40208,NAVD88,1.5390735125
401-ILA-06-036,30.0608,-90.4393,Coastal - Stillwater Only,1.3716,NAVD88,1.5149181912
401-ILA-06-037,30.0606,-90.4344,Coastal - Stillwater Only,1.28016,NAVD88,1.419255068
401-ILA-06-038,30.06,-90.4333,Coastal - Stillwater Only,1.24968,NAVD88,1.388775068
401-ILA-06-040,30.0802,-90.4611,Coastal - Stillwater Only,1.3716,NAVD88,1.5288008431
401-ILA-06-041,30.0779,-90.5525,Coastal - Stillwater Only,1.31064,NAVD88,1.5153108912
401-ILA-06-042,30.0785,-90.5459,Coastal - Stillwater Only,1.18872,NAVD88,1.392230046
401-ILA-06-043,30.0844,-90.5134,Coastal - Stillwater Only,1.2192,NAVD88,1.4101114271
401-ILA-02-014,30.3243,-91.79,Coastal - Stillwater Only,2.56032,NAVD88,2.7790743213
401-ILA-02-017,30.3053,-91.7536,Coastal - Stillwater Only,2.25552,NAVD88,2.4797948141
401-ILA-02-018,30.2914,-91.7452,Coastal - Stillwater Only,2.19456,NAVD88,2.4204060671
401-ILA-02-021,30.218,-91.6979,Coastal - Stillwater Only,1.61544,NAVD88,1.8519010881
401-ILA-02-022,30.1758,-91.6908,Coastal - Stillwater Only,1.6764,NAVD88,1.9149027558
401-ILA-03-001,29.8158,-91.1033,Coastal - Stillwater Only,0.9144,NAVD88,1.2871632165
401-ILA-03-003,29.8557,-91.198,Coastal - Stillwater Only,2.83464,NAVD88,3.2467709221
401-ILA-03-004,29.9083,-91.2165,Coastal - Stillwater Only,0.94488,NAVD88,1.3400145682
401-ILA-03-009,29.7679,-91.1653,Coastal - Stillwater Only,0.79248,NAVD88,1.2310181639
401-ILA-03-010,29.764,-91.1758,Coastal - Stillwater Only,2.4384,NAVD88,2.8966852721
401-ILA-03-011,29.9027,-91.2134,Coastal - Stillwater Only,2.95656,NAVD88,3.3517689548
401-ILA-02-036,29.7342,-91.8523,Coastal - Stillwater Only,2.83464,NAVD88,2.9766664393
401-ILA-02-037,29.7143,-91.8769,Coastal - Stillwater Only,3.23088,NAVD88,3.3749353814
401-ILA-03-056,29.6896,-91.0997,Coastal - Stillwater Only,2.22504,NAVD88,2.5936721974
401-ILA-03-057,29.687,-91.1887,Coastal - Stillwater Only,2.04216,NAVD88,2.5032506243
401-ILA-03-058,29.6828,-91.1923,Coastal - Stillwater Only,1.28016,NAVD88,1.7431017062
401-ILA-03-059,29.6954,-91.2104,Coastal - Stillwater Only,2.10312,NAVD88,2.5854448088
401-ILA-03-060,29.6934,-91.2162,Coastal - Stillwater Only,2.07264,NAVD88,2.5579909068
401-ILA-03-061,29.6854,-91.2188,Coastal - Stillwater Only,2.25552,NAVD88,2.7401747246
401-ILA-03-062,29.9021,-91.5135,Coastal - Stillwater Only,2.04216,NAVD88,2.390991147
401-ILA-03-063,29.8795,-91.4544,Coastal - Stillwater Only,1.43256,NAVD88,1.8843393655
401-ILA-03-064,29.7644,-91.394,Coastal - Stillwater Only,2.95656,NAVD88,3.4362293027
401-ILA-03-065,29.7585,-91.4078,Coastal - Stillwater Only,1.46304,NAVD88,1.9043048082
401-ILA-03-066,29.7104,-91.3819,Coastal - Stillwater Only,1.55448,NAVD88,1.9321809845
401-ILA-03-067,29.701,-91.3711,Coastal - Stillwater Only,1.95072,NAVD88,2.3208982823
401-ILA-03-068,29.7622,-91.4193,Coastal - Stillwater Only,1.55448,NAVD88,1.9758766131
401-ILA-08-029,29.7127,-91.8771,Coastal - Stillwater Only,3.10896,NAVD88,3.2530153814
401-ILA-08-030,29.7711,-91.7848,Coastal - Stillwater Only,2.65176,NAVD88,2.7951377809
401-ILA-08-032,29.7882,-91.519,Coastal - Stillwater Only,1.8288,NAVD88,2.1252889109
401-ILA-08-034,29.7867,-91.5173,Coastal - Stillwater Only,2.10312,NAVD88,2.3996089109
401-ILA-08-037,29.8291,-91.5664,Coastal - Stillwater Only,1.92024,NAVD88,2.1877789051
401-ILA-08-038,29.887,-91.5227,Coastal - Stillwater Only,1.34112,NAVD88,1.679564382
401-ILA-08-039,29.89,-91.5246,Coastal - Stillwater Only,1.2192,NAVD88,1.5562098174
401-ILA-08-040,29.8407,-91.4548,Coastal - Stillwater Only,1.6764,NAVD88,2.1047514023
401-ILA-08-042,29.8795,-91.5858,Coastal - Stillwater Only,1.43256,NAVD88,1.7055238517
401-ILA-08-044,29.559,-91.5251,Coastal - Stillwater Only,2.46888,NAVD88,2.5883912839
401-ILA-08-045,29.6017,-91.5247,Coastal - Stillwater Only,1.88976,NAVD88,2.0200861966
401-ILA-08-048,29.7874,-91.4953,Coastal - Stillwater Only,1.55448,NAVD88,1.882574691
401-ILA-08-049,29.7976,-91.4968,Coastal - Stillwater Only,2.04216,NAVD88,2.3735190884
401-ILA-08-050,29.772,-91.4814,Coastal - Stillwater Only,1.61544,NAVD88,1.9482231626
401-ILA-07-001,30.4083,-90.142,Coastal - Stillwater Only,2.01168,NAVD88,2.1411575307
401-ILA-07-002,30.3449,-90.0534,Coastal - Stillwater Only,1.92024,NAVD88,2.0307203979
401-ILA-07-004,30.3657,-90.0959,Coastal - Stillwater Only,2.01168,NAVD88,2.1281029885
401-ILA-07-005,30.3526,-90.0673,Coastal - Stillwater Only,2.04216,NAVD88,2.1548263983
401-ILA-07-006,30.3291,-90.0044,Coastal - Stillwater Only,1.43256,NAVD88,1.5409147771
401-ILA-07-007,30.2651,-89.9565,Coastal - Stillwater Only,1.6764,NAVD88,1.7749182747
401-ILA-07-008,30.2912,-89.9279,Coastal - Stillwater Only,1.40208,NAVD88,1.5062269574
401-ILA-07-009,30.2841,-89.917,Coastal - Stillwater Only,1.49352,NAVD88,1.5956778535
401-ILA-07-012,30.2795,-89.7844,Coastal - Stillwater Only,1.31064,NAVD88,1.4475229012
401-ILA-07-013,30.2611,-89.8033,Coastal - Stillwater Only,1.58496,NAVD88,1.7127077294
401-ILA-07-014,30.2346,-89.8553,Coastal - Stillwater Only,1.55448,NAVD88,1.6336432608
401-ILA-07-016,30.1853,-89.7572,Coastal - Stillwater Only,1.46304,NAVD88,1.6455763785
401-ILA-07-017,30.3943,-90.1203,Coastal - Stillwater Only,1.9812,NAVD88,2.1057765761
401-ILA-07-018,30.4027,-90.1561,Coastal - Stillwater Only,2.01168,NAVD88,2.140021794
401-ILA-07-019,30.3977,-90.1562,Coastal - Stillwater Only,2.01168,NAVD88,2.1390268882
401-ILA-07-021,30.2897,-90.4014,Coastal - Stillwater Only,1.58496,NAVD88,1.8266753567
401-ILA-03-015,29.5853,-90.6774,Coastal - Stillwater Only,1.61544,NAVD88,1.7789734939
401-ILA-03-016,29.5545,-90.6592,Coastal - Stillwater Only,1.8288,NAVD88,1.9807831568
401-ILA-03-020,29.5191,-90.6753,Coastal - Stillwater Only,1.8288,NAVD88,1.9747501088
401-ILA-03-022,29.4822,-90.6983,Coastal - Stillwater Only,1.95072,NAVD88,2.0916903195
401-ILA-03-023,29.4254,-90.702,Coastal - Stillwater Only,2.16408,NAVD88,2.2886150018
401-ILA-03-024,29.3946,-90.712,Coastal - Stillwater Only,2.1336,NAVD88,2.2496339862
401-ILA-03-025,29.3689,-90.7231,Coastal - Stillwater Only,2.10312,NAVD88,2.2142520853
401-ILA-03-026,29.2532,-90.66,Coastal - Stillwater Only,2.31648,NAVD88,2.3876720336
401-ILA-03-027,29.277,-90.644,Coastal - Stillwater Only,2.34696,NAVD88,2.4190706157
401-ILA-03-028,29.3047,-90.648,Coastal - Stillwater Only,2.22504,NAVD88,2.3065512218
401-ILA-03-029,29.3838,-90.6197,Coastal - Stillwater Only,2.10312,NAVD88,2.2025483929
401-ILA-03-030,29.4737,-90.5575,Coastal - Stillwater Only,1.00584,NAVD88,1.1238380412
401-ILA-03-031,29.474,-90.5532,Coastal - Stillwater Only,1.18872,NAVD88,1.3054906028
401-ILA-03-032,29.4804,-90.5517,Coastal - Stillwater Only,1.49352,NAVD88,1.612733596
401-ILA-03-033,29.3857,-90.5882,Coastal - Wave Height,2.4384,NAVD88,2.5345372703
401-ILA-03-034,29.4992,-90.5512,Coastal - Stillwater Only,1.40208,NAVD88,1.5254399856
401-ILA-03-035,29.3985,-90.4884,Coastal - Wave Height,2.37744,NAVD88,2.4679073338
401-ILA-03-037,29.3986,-90.4888,Coastal - Stillwater Only,2.286,NAVD88,2.3764673338
401-ILA-03-040,29.4394,-90.4611,Coastal - Stillwater Only,2.16408,NAVD88,2.2646230147
401-ILA-03-041,29.4905,-90.5198,Coastal - Stillwater Only,1.55448,NAVD88,1.6728049056
401-ILA-03-042,29.5133,-90.596,Coastal - Stillwater Only,1.6764,NAVD88,1.8085983486
401-ILA-03-043,29.5161,-90.5978,Coastal - Stillwater Only,1.6764,NAVD88,1.8098347725
401-ILA-03-044,29.537,-90.7144,Coastal - Stillwater Only,1.43256,NAVD88,1.5903788986
401-ILA-03-045,29.5447,-90.7234,Coastal - Stillwater Only,1.18872,NAVD88,1.3500237288
401-ILA-03-046,29.605,-90.705,Coastal - Stillwater Only,1.18872,NAVD88,1.3614680292
401-ILA-03-048,29.5692,-90.7252,Coastal - Stillwater Only,1.2192,NAVD88,1.3876537679
401-ILA-03-049,29.4282,-90.7644,Coastal - Stillwater Only,1.79832,NAVD88,1.9329346613
401-ILA-03-050,29.4169,-90.776,Coastal - Stillwater Only,1.73736,NAVD88,1.8712783003
401-ILA-03-051,29.334,-90.8483,Coastal - Wave Height,2.10312,NAVD88,2.215832279
401-ILA-03-052,29.336,-90.8424,Coastal - Stillwater Only,1.73736,NAVD88,1.8522880146
401-ILA-03-053,29.6163,-90.9022,Coastal - Stillwater Only,1.15824,NAVD88,1.3882387525
401-ILA-03-054,29.6245,-90.9111,Coastal - Stillwater Only,1.18872,NAVD88,1.4258083524
401-ILA-05-039,30.0435,-92.706,Coastal - Stillwater Only,1.2192,NAVD88,1.3502188174
401-ILA-08-002,29.7939,-92.1449,Coastal - Stillwater Only,2.86512,NAVD88,3.0068483416
401-ILA-08-004,29.935,-92.1494,Coastal - Stillwater Only,2.4384,NAVD88,2.5910805311
401-ILA-08-005,29.8847,-92.1245,Coastal - Stillwater Only,2.62128,NAVD88,2.7708130483
401-ILA-08-006,29.9835,-92.136,Coastal - Stillwater Only,2.52984,NAVD88,2.6877048984
401-ILA-08-007,29.8428,-92.181,Coastal - Stillwater Only,1.64592,NAVD88,1.7900936817
401-ILA-08-008,29.8464,-92.2756,Coastal - Stillwater Only,2.25552,NAVD88,2.3956394334
401-ILA-08-009,29.8316,-92.3061,Coastal - Stillwater Only,1.79832,NAVD88,1.9355861591
401-ILA-08-011,29.6573,-92.3693,Coastal - Wave Height,2.40792,NAVD88,2.5282477782
401-ILA-08-012,29.6468,-92.4342,Coastal - Wave Height,2.37744,NAVD88,2.4952279721
401-ILA-08-015,29.8386,-92.3282,Coastal - Stillwater Only,1.85928,NAVD88,1.9957043478
401-ILA-08-016,29.6308,-92.382,Coastal - Wave Height,2.52984,NAVD88,2.6469236911
401-ILA-08-017,29.9749,-92.1395,Coastal - Stillwater Only,2.46888,NAVD88,2.6256278925
401-ILA-08-018,30.0413,-92.7226,Coastal - Stillwater Only,1.0668,NAVD88,1.1970285343
401-ILA-08-019,30.0713,-92.6571,Coastal - Stillwater Only,1.00584,NAVD88,1.1400675143
401-ILA-08-020,30.1004,-92.5321,Coastal - Stillwater Only,1.09728,NAVD88,1.2390172674
401-ILA-08-021,29.9192,-92.5138,Coastal - Stillwater Only,0.97536,NAVD88,1.1087823598
401-ILA-08-022,29.9782,-92.4621,Coastal - Stillwater Only,0.85344,NAVD88,0.9923784866
401-ILA-08-025,29.8825,-92.0378,Coastal - Stillwater Only,2.37744,NAVD88,2.5298286919
401-ILA-08-026,29.877,-92.1269,Coastal - Stillwater Only,2.7432,NAVD88,2.8921664018
401-ILA-08-027,29.9751,-91.994,Coastal - Stillwater Only,2.68224,NAVD88,2.8493618127
